{
	"Stonedweller":{
		"name":"Stonedweller",
		"attributes":{
			"str":{"min":7,"max":28},
			"spd":{"min":10,"max":44},
			"agi":{"min":10,"max":44},
			"dex":{"min":10,"max":44},
			"int":{"min":8,"max":30},
			"wis":{"min":6,"max":24},
			"vit":{"min":8,"max":30},
			"rea":{"min":10,"max":44},
			"per":{"min":10,"max":44},
			"wil":{"min":5,"max":20},
			"luk":{"min":7,"max":28},
			"lsn":{"min":9,"max":36}
		},
		"traits":{
			"stealth":20,
			"aptitude":{"earth":15}
		},
		"portrait":{
			"0":"file://races/stonedweller/stonedweller1.png"
		}
	},
	"Tigeron":{
		"name":"Tigeron",
		"attributes":{
			"str":{"min":10,"max":40},
			"spd":{"min":9,"max":36},
			"agi":{"min":9,"max":36},
			"dex":{"min":9,"max":36},
			"int":{"min":7,"max":28},
			"wis":{"min":7,"max":28},
			"vit":{"min":10,"max":36},
			"rea":{"min":10,"max":40},
			"per":{"min":7,"max":28},
			"wil":{"min":8,"max":32},
			"luk":{"min":10,"max":40},
			"lsn":{"min":6,"max":24}
		},
		"traits":{
			"size":115
		}
	},
	"Treefolk":{
		"name":"Treefolk",
		"attributes":{
			"str":{"min":11,"max":50},
			"spd":{"min":4,"max":16},
			"agi":{"min":5,"max":20},
			"dex":{"min":4,"max":16},
			"int":{"min":9,"max":36},
			"wis":{"min":14,"max":56},
			"vit":{"min":15,"max":64},
			"rea":{"min":4,"max":16},
			"per":{"min":9,"max":36},
			"wil":{"min":10,"max":40},
			"luk":{"min":7,"max":28},
			"lsn":{"min":10,"max":40}
		},
		"traits":{
			"plant":60,
			"size":280
		}
	}
}